<?xml version="1.0" encoding="UTF-8"?>

<mule xmlns:http="http://www.mulesoft.org/schema/mule/http"
	xmlns:context="http://www.springframework.org/schema/context" xmlns="http://www.mulesoft.org/schema/mule/core" xmlns:doc="http://www.mulesoft.org/schema/mule/documentation"
	xmlns:spring="http://www.springframework.org/schema/beans" 
	xmlns:xsi="http://www.w3.org/2001/XMLSchema-instance"
	xsi:schemaLocation="http://www.mulesoft.org/schema/mule/http http://www.mulesoft.org/schema/mule/http/current/mule-http.xsd
http://www.springframework.org/schema/beans http://www.springframework.org/schema/beans/spring-beans-current.xsd
http://www.mulesoft.org/schema/mule/core http://www.mulesoft.org/schema/mule/core/current/mule.xsd
http://www.springframework.org/schema/context http://www.springframework.org/schema/context/spring-context-current.xsd">
<spring:beans>
	<spring:bean id="loggerApplicationContextXh0" name="loggerApplicationContextXh0" class="org.springframework.beans.factory.config.MethodInvokingFactoryBean">
			<spring:property name="targetClass" value="org.apache.logging.log4j.LogManager" />
			<spring:property name="targetMethod" value="getContext" />
			<spring:property name="arguments">
				<spring:value>false</spring:value>
			</spring:property>
		</spring:bean>
		 <spring:bean id="loggerReconfigureXh1" name="loggerReconfigureXh1" class="org.springframework.beans.factory.config.MethodInvokingFactoryBean">
            <spring:property name="targetObject" ref="loggerApplicationContextXh0" />
            <spring:property name="targetMethod">
                <spring:value>setConfigLocation</spring:value>
            </spring:property>
            <spring:property name="arguments">
              <spring:value>${log4j.xml.location}sys-person-contact-info-log4j2.xml</spring:value>
            </spring:property>
        </spring:bean>
      
	</spring:beans>
    <context:property-placeholder location="classpath:proc-lvo-postpaid-oauth.properties,
	classpath:global-${mule.env}.properties,
	file:${mule.config.path}/global-${mule.env}.properties" 
	ignore-resource-not-found="true" ignore-unresolvable="true"/>
</mule>
