{
  "$schema": "http://json-schema.org/draft-04/schema#",
  "type": "object",
  "properties": {
    "failed-data": {
      "type": "array",
      "items": {
        "type": "object",
        "properties": {
          "person_id": {
            "type": "string"
          },
          "first_name": {
            "type": "string"
          },
          "last_name": {
            "type": "string"
          }
        },
        "required": [
          "person_id",
          "first_name",
          "last_name"
        ]
      }
    },
    "result": {
      "type": "string"
    }
  },
  "required": [
    "result"
  ]
}