<?xml version="1.0" encoding="UTF-8"?>
<mule xmlns:dw="http://www.mulesoft.org/schema/mule/ee/dw" xmlns:doc="http://www.mulesoft.org/schema/mule/documentation" xmlns="http://www.mulesoft.org/schema/mule/core" xmlns:apikit="http://www.mulesoft.org/schema/mule/apikit" xmlns:http="http://www.mulesoft.org/schema/mule/http" xmlns:spring="http://www.springframework.org/schema/beans" xmlns:xsi="http://www.w3.org/2001/XMLSchema-instance" xsi:schemaLocation="http://www.springframework.org/schema/beans http://www.springframework.org/schema/beans/spring-beans-current.xsd
http://www.mulesoft.org/schema/mule/http http://www.mulesoft.org/schema/mule/http/current/mule-http.xsd
http://www.mulesoft.org/schema/mule/apikit http://www.mulesoft.org/schema/mule/apikit/current/mule-apikit.xsd
http://www.mulesoft.org/schema/mule/ee/dw http://www.mulesoft.org/schema/mule/ee/dw/current/dw.xsd
http://www.mulesoft.org/schema/mule/core http://www.mulesoft.org/schema/mule/core/current/mule.xsd">
    <http:listener-config name="api-httpListenerConfig" host="0.0.0.0" port="8081" doc:name="HTTP Listener Configuration"/>
    <apikit:config name="api-config" raml="api.raml" consoleEnabled="true" doc:name="Router" keepRamlBaseUri="false"/>
    <flow name="api-main">
        <http:listener config-ref="api-httpListenerConfig" path="/api/*" doc:name="HTTP"/>
        <apikit:router config-ref="api-config" doc:name="APIkit Router"/>
        <exception-strategy ref="api-apiKitGlobalExceptionMapping" doc:name="Reference Exception Strategy"/>
    </flow>

    <flow name="put:/persons:application/json:api-config">
        <flow-ref name="sf-put-persons" doc:name="sf-put-persons"/>
          <choice doc:name="Choice">
            <when expression="flowVars.failed_data !=null &amp;&amp;  flowVars.failed_data.size() &gt; 0">
                <dw:transform-message doc:name="DW construct failure response">
                    <dw:set-payload><![CDATA[%dw 1.0
					%output application/json
					---
					{
						failed-data:flowVars.failed_data map (key,value) -> {
						 
						 personId: key.personId,
						 FirstName:  key.first_name,
					     LastName:  key.last_name
						} ,
						result: "failure"
						
					} ]]></dw:set-payload>
                    <dw:set-property propertyName="http.status"><![CDATA[%dw 1.0
					%output application/java
					---
					207]]></dw:set-property>
                </dw:transform-message>
            </when>
            <otherwise>
                <set-payload value="{   &quot;result&quot;: &quot;success&quot;   } " mimeType="application/json" doc:name="Set Payload"/>
            </otherwise>
        </choice>
        
 <exception-strategy ref="api-apiKitGlobalExceptionMapping" doc:name="Reference Exception Strategy"/>

    </flow>
    <flow name="delete:/persons:api-config">
        <flow-ref name="sf-delete-persons" doc:name="sf-delete-persons"/>
           <choice doc:name="Choice">
            <when expression="flowVars.failed_data !=null &amp;&amp;  flowVars.failed_data.size() &gt; 0">
                <dw:transform-message doc:name="DW construct failure response">
                    <dw:set-payload><![CDATA[%dw 1.0
%output application/json
					
---
					{
						failed-data:flowVars.failed_data map {
						 
						 personId:$
						} ,
						result: "failure"
						
					} ]]></dw:set-payload>
                    <dw:set-property propertyName="http.status"><![CDATA[%dw 1.0
					%output application/java
					---
					207]]></dw:set-property>
                </dw:transform-message>
            </when>
            <otherwise>
                <set-payload value="{   &quot;result&quot;: &quot;success&quot;   } " mimeType="application/json" doc:name="Set Payload"/>
            </otherwise>
        </choice>

 <exception-strategy ref="api-apiKitGlobalExceptionMapping" doc:name="Reference Exception Strategy"/>

    </flow>
    <flow name="get:/persons:api-config">
        <flow-ref name="sf-get-persons" doc:name="sf-get-persons"/>

    </flow>
    
    <flow name="post:/persons:application/json:api-config">
        <flow-ref name="sf-post-persons" doc:name="sf-post-persons"/>
        <choice doc:name="Choice">
            <when expression="flowVars.failed_data !=null &amp;&amp;  flowVars.failed_data.size() &gt; 0">
                <dw:transform-message doc:name="DW construct failure response">
                    <dw:set-payload><![CDATA[%dw 1.0
					%output application/json
					---
					{
						failed-data:flowVars.failed_data map (key,value) -> {
						 
						 personId: key.personId,
						 FirstName:  key.first_name,
					     LastName:  key.last_name
						} ,
						result: "failure"
						
					} ]]></dw:set-payload>
                    <dw:set-property propertyName="http.status"><![CDATA[%dw 1.0
					%output application/java
					---
					207]]></dw:set-property>
                </dw:transform-message>
            </when>
            <otherwise>
                <dw:transform-message doc:name="Transform Message">
                    <dw:set-payload><![CDATA[%dw 1.0
					%output application/json

					
---
					{
						data:flowVars.success_data map (key,value) -> {
						 
						 personId: key.personId,
						 FirstName:  key.first_name,
					     LastName:  key.last_name
						} ,
						result: "success"
						
					} 
]]></dw:set-payload>
                </dw:transform-message>

            </otherwise>
        </choice>

 <exception-strategy ref="api-apiKitGlobalExceptionMapping" doc:name="Reference Exception Strategy"/>


    </flow>

    <apikit:mapping-exception-strategy name="api-apiKitGlobalExceptionMapping">
        <apikit:mapping statusCode="404">
            <apikit:exception value="org.mule.module.apikit.exception.NotFoundException" />
            <set-property propertyName="Content-Type" value="application/json" doc:name="Property"/>
            <set-payload value="{ &quot;message&quot;: &quot;Resource not found&quot; }" doc:name="Set Payload"/>
        </apikit:mapping>
        <apikit:mapping statusCode="405">
            <apikit:exception value="org.mule.module.apikit.exception.MethodNotAllowedException" />
            <set-property propertyName="Content-Type" value="application/json" doc:name="Property"/>
            <set-payload value="{ &quot;message&quot;: &quot;Method not allowed&quot; }" doc:name="Set Payload"/>
        </apikit:mapping>
        <apikit:mapping statusCode="415">
            <apikit:exception value="org.mule.module.apikit.exception.UnsupportedMediaTypeException" />
            <set-property propertyName="Content-Type" value="application/json" doc:name="Property"/>
            <set-payload value="{ &quot;message&quot;: &quot;Unsupported media type&quot; }" doc:name="Set Payload"/>
        </apikit:mapping>
        <apikit:mapping statusCode="406">
            <apikit:exception value="org.mule.module.apikit.exception.NotAcceptableException" />
            <set-property propertyName="Content-Type" value="application/json" doc:name="Property"/>
            <set-payload value="{ &quot;message&quot;: &quot;Not acceptable&quot; }" doc:name="Set Payload"/>
        </apikit:mapping>
        <apikit:mapping statusCode="400">
            <apikit:exception value="org.mule.module.apikit.exception.BadRequestException" />
            <set-property propertyName="Content-Type" value="application/json" doc:name="Property"/>
            <set-payload value="{ &quot;message&quot;: &quot;Bad request&quot; }" doc:name="Set Payload"/>
        </apikit:mapping>
    </apikit:mapping-exception-strategy>
</mule>
